Title,A,a,B,b,L_min,r2
n_epochs_data.csv,68.09430544489504,0.5317455135581164,4600913.072788369,1.2742171278184249,0.2155034802575657,0.9914078924892856
final_data.csv,177.19630793848145,0.6570921777454733,131.15694672919034,0.4115841831335753,4.223971542376082e-19,0.9861470131489187
