Title,A,a,B,b,L_min,r2
NxD regression,177.19630793848145,0.6570921777454733,131.15694672919034,0.4115841831335753,4.223971542376082e-19,0.9861470131489187
