Title,A,a,r2
N-Width vs Loss,2.69690079486761,0.1599430862132236,0.984239941841903
N-Depth vs Loss,9.409818754433523,0.260281213645899,0.9957588912358334
N-General vs Loss,2.950656877751894,0.1669114977809606,0.963986170893679
D_General vs Loss,39.38509926705638,0.4318669987164749,0.9927959188446728
C_Nscaling,108.73845785473432,0.1678510310123793,0.9732747158549182
C_Dscaling,1365716.3732161224,0.444921424901548,0.9944121731914396
C_General vs Loss,701.5501892268362,0.21990532591568815,0.7776730834030371
